Country,Region,Date,Product,UnitsSold,PricePerUnit,Grouping
SWE,all,2018-01-08,Health,292.0,362.9657534,all
SWE,all,2018-01-08,Life,1489.0,1990.811283,all
SWE,all,2018-01-08,Pc,30212.33333,546.3061282,all
SWE,all,2018-01-15,Health,275.0,391.5818182,all
SWE,all,2018-01-15,Life,1359.0,5241.019868,all
SWE,all,2018-01-15,Pc,27306.0,478.0982202,all
SWE,all,2018-01-22,Health,359.0,285.7465181,all
SWE,all,2018-01-22,Life,1431.0,2303.684836,all
SWE,all,2018-01-22,Pc,25467.0,417.5839321,all
SWE,all,2018-01-29,Health,411.0,306.7177616,all
SWE,all,2018-01-29,Life,1481.0,4008.871708,all
SWE,all,2018-01-29,Pc,22027.0,345.5292141,all
SWE,all,2018-02-05,Health,533.0,361.6679174,all
SWE,all,2018-02-05,Life,2382.0,2419.802687,all
SWE,all,2018-02-05,Pc,50881.0,348.0693776,all
SWE,all,2018-02-12,Health,468.0,329.2735043,all
SWE,all,2018-02-12,Life,2141.0,5855.668846,all
SWE,all,2018-02-12,Pc,27521.0,343.7267905,all
SWE,all,2018-02-19,Health,405.0,320.1950617,all
SWE,all,2018-02-19,Life,1604.0,2630.165835,all
SWE,all,2018-02-19,Pc,24266.0,340.7021759,all
SWE,all,2018-02-26,Health,410.0,301.495122,all
SWE,all,2018-02-26,Life,1631.0,2068.267934,all
SWE,all,2018-02-26,Pc,23815.0,322.0671845,all
SWE,all,2018-03-05,Health,404.0,475.1237624,all
SWE,all,2018-03-05,Life,2887.0,3128.575684,all
SWE,all,2018-03-05,Pc,51973.0,335.3255537,all
SWE,all,2018-03-12,Health,329.0,351.899696,all
SWE,all,2018-03-12,Life,1679.0,3932.932102,all
SWE,all,2018-03-12,Pc,28677.0,344.5100603,all
SWE,all,2018-03-19,Health,339.0,306.7669617,all
SWE,all,2018-03-19,Life,1767.0,3457.065648,all
SWE,all,2018-03-19,Pc,26270.0,345.5205177,all
SWE,all,2018-03-26,Health,292.0,295.5684932,all
SWE,all,2018-03-26,Life,2050.0,3715.537561,all
SWE,all,2018-03-26,Pc,24960.0,340.1350561,all
SWE,all,2018-04-02,Health,148.0,364.1959459,all
SWE,all,2018-04-02,Life,1300.0,7386.815385,all
SWE,all,2018-04-02,Pc,17608.0,359.7769196,all
SWE,all,2018-04-09,Health,243.0,570.1769547,all
SWE,all,2018-04-09,Life,2392.0,2625.129181,all
SWE,all,2018-04-09,Pc,47523.0,373.419439,all
SWE,all,2018-04-16,Health,272.0,358.4007353,all
SWE,all,2018-04-16,Life,1406.0,9535.325036,all
SWE,all,2018-04-16,Pc,27396.0,344.2635421,all
SWE,all,2018-04-23,Health,370.0,301.7162162,all
SWE,all,2018-04-23,Life,1580.0,4337.208228,all
SWE,all,2018-04-23,Pc,21096.0,331.2912874,all
SWE,all,2018-04-30,Health,339.0,282.4778761,all
SWE,all,2018-04-30,Life,1694.0,5088.544274,all
SWE,all,2018-04-30,Pc,23521.0,421.0008928,all
SWE,all,2018-05-07,Health,287.0,545.0,all
SWE,all,2018-05-07,Life,2096.0,2755.237118,all
SWE,all,2018-05-07,Pc,42343.0,373.9166804,all
SWE,all,2018-05-14,Health,309.0,347.223301,all
SWE,all,2018-05-14,Life,1382.0,8633.491317,all
SWE,all,2018-05-14,Pc,23177.0,323.792855,all
SWE,all,2018-05-21,Health,451.0,322.2261641,all
SWE,all,2018-05-21,Life,1501.0,6503.902065,all
SWE,all,2018-05-21,Pc,23333.0,387.4629066,all
SWE,all,2018-05-28,Health,386.0,297.7305699,all
SWE,all,2018-05-28,Life,1323.0,9021.161754,all
SWE,all,2018-05-28,Pc,22790.0,325.8328214,all
SWE,all,2018-06-04,Health,445.0,445.5033708,all
SWE,all,2018-06-04,Life,2676.0,4384.263079,all
SWE,all,2018-06-04,Pc,49744.0,390.8290648,all
SWE,all,2018-06-11,Health,316.0,412.2405063,all
SWE,all,2018-06-11,Life,1414.0,9132.537482,all
SWE,all,2018-06-11,Pc,23570.0,331.0973271,all
SWE,all,2018-06-18,Health,334.0,310.248503,all
SWE,all,2018-06-18,Life,1513.0,5611.592201,all
SWE,all,2018-06-18,Pc,25372.0,348.2321457,all
SWE,all,2018-06-25,Health,360.0,334.5527778,all
SWE,all,2018-06-25,Life,2090.0,7652.220096,all
SWE,all,2018-06-25,Pc,24841.0,318.9263717,all
SWE,all,2018-07-02,Health,1209.0,59.33581472,all
SWE,all,2018-07-02,Life,2504.0,10658.97644,all
SWE,all,2018-07-02,Pc,24438.0,350.9625992,all
SWE,all,2018-07-09,Health,170.0,604.8176471,all
SWE,all,2018-07-09,Life,1874.0,5666.941302,all
SWE,all,2018-07-09,Pc,52093.0,449.428618,all
SWE,all,2018-07-16,Health,212.0,360.3254717,all
SWE,all,2018-07-16,Life,1276.0,7095.351097,all
SWE,all,2018-07-16,Pc,27260.0,333.1005503,all
SWE,all,2018-07-23,Health,213.0,346.7230047,all
SWE,all,2018-07-23,Life,1107.0,7425.711834,all
SWE,all,2018-07-23,Pc,23262.0,323.7026051,all
SWE,all,2018-07-30,Health,205.0,336.1756098,all
SWE,all,2018-07-30,Life,1371.0,8192.392414,all
SWE,all,2018-07-30,Pc,20684.0,375.9186811,all
SWE,all,2018-08-06,Health,217.0,543.7511521,all
SWE,all,2018-08-06,Life,1708.0,7236.898126,all
SWE,all,2018-08-06,Pc,43452.0,376.6875403,all
SWE,all,2018-08-13,Health,35.0,345.6285714,all
SWE,all,2018-08-13,Life,595.0,7445.194958,all
SWE,all,2018-08-13,Pc,17040.0,361.7640258,all
SWE,all,2018-08-20,Health,61.0,419.2622951,all
SWE,all,2018-08-20,Life,507.0,4411.42998,all
SWE,all,2018-08-20,Pc,13249.0,325.4668277,all
SWE,all,2018-08-27,Health,68.0,325.6470588,all
SWE,all,2018-08-27,Life,471.0,4974.836518,all
SWE,all,2018-08-27,Pc,13600.0,321.1005147,all
SWE,all,2018-09-03,Health,68.0,639.1323529,all
SWE,all,2018-09-03,Life,691.0,5209.826339,all
SWE,all,2018-09-03,Pc,15425.0,374.1476175,all
SWE,all,2018-09-10,Health,127.0,544.0944882,all
SWE,all,2018-09-10,Life,1083.0,3074.503232,all
SWE,all,2018-09-10,Pc,35288.0,408.7021934,all
SWE,all,2018-09-17,Health,202.0,332.4009901,all
SWE,all,2018-09-17,Life,779.0,6412.213094,all
SWE,all,2018-09-17,Pc,20858.0,377.7720779,all
SWE,all,2018-09-24,Health,224.0,304.1339286,all
SWE,all,2018-09-24,Life,1020.0,4540.705882,all
SWE,all,2018-09-24,Pc,19795.0,371.0969437,all
SWE,all,2018-10-01,Health,188.0,369.5159574,all
SWE,all,2018-10-01,Life,1122.0,3914.341355,all
SWE,all,2018-10-01,Pc,18982.0,333.6472974,all
SWE,all,2018-10-08,Health,10384.0,2305.046493,all
SWE,all,2018-10-08,Life,1786.0,4276.445689,all
SWE,all,2018-10-08,Pc,41645.0,396.1445312,all
SWE,all,2018-10-15,Health,149.0,380.0067114,all
SWE,all,2018-10-15,Life,1168.0,5264.068493,all
SWE,all,2018-10-15,Pc,20868.0,421.9718708,all
SWE,all,2018-10-22,Health,196.0,347.244898,all
SWE,all,2018-10-22,Life,1799.0,4584.182324,all
SWE,all,2018-10-22,Pc,22066.0,381.3108855,all
SWE,all,2018-10-29,Health,197.0,355.4568528,all
SWE,all,2018-10-29,Life,1645.0,6907.320973,all
SWE,all,2018-10-29,Pc,19724.0,360.3027783,all
SWE,all,2018-11-05,Health,190.0,474.8,all
SWE,all,2018-11-05,Life,2208.0,5294.524909,all
SWE,all,2018-11-05,Pc,38780.0,481.2440949,all
SWE,all,2018-11-12,Health,129.0,503.9302326,all
SWE,all,2018-11-12,Life,1268.0,3889.94795,all
SWE,all,2018-11-12,Pc,22807.0,278.1959048,all
SWE,all,2018-11-19,Health,203.0,344.8817734,all
SWE,all,2018-11-19,Life,1894.0,5681.907075,all
SWE,all,2018-11-19,Pc,21644.0,353.5862595,all
SWE,all,2018-11-26,Health,182.0,369.2637363,all
SWE,all,2018-11-26,Life,1557.0,5670.475273,all
SWE,all,2018-11-26,Pc,16389.0,441.3448655,all
SWE,all,2018-12-03,Health,154.0,358.2727273,all
SWE,all,2018-12-03,Life,2138.0,4578.935319,all
SWE,all,2018-12-03,Pc,17284.0,203.1168711,all
SWE,all,2018-12-10,Health,102.0,1059.382353,all
SWE,all,2018-12-10,Life,2719.0,3487.395366,all
SWE,all,2018-12-10,Pc,41462.0,479.6198688,all
SWE,all,2018-12-17,Health,194.0,354.9896907,all
SWE,all,2018-12-17,Life,2422.0,3865.644096,all
SWE,all,2018-12-17,Pc,24186.0,443.1292897,all
SWE,all,2018-12-24,Health,99.0,424.4444444,all
SWE,all,2018-12-24,Life,3273.0,4264.961198,all
SWE,all,2018-12-24,Pc,23058.0,397.1094631,all
SWE,all,2018-12-31,Health,66.0,366.7272727,all
SWE,all,2018-12-31,Life,3761.0,4468.608349,all
SWE,all,2018-12-31,Pc,17636.0,610.0823316,all
SWE,all,2019-01-07,Health,189.0,744.1216931,all
SWE,all,2019-01-07,Life,2526.0,3371.787807,all
SWE,all,2019-01-07,Pc,21348.0,486.7483885,all
SWE,all,2019-01-14,Health,179.0,433.452514,all
SWE,all,2019-01-14,Life,900.0,3377.32,all
SWE,all,2019-01-14,Pc,25060.0,363.4144453,all
SWE,all,2019-01-21,Health,358.0,366.4106145,all
SWE,all,2019-01-21,Life,1080.0,2418.318519,all
SWE,all,2019-01-21,Pc,25402.0,407.7632076,all
SWE,all,2019-01-28,Health,488.0,343.5963115,all
SWE,all,2019-01-28,Life,999.0,7670.650651,all
SWE,all,2019-01-28,Pc,21749.0,380.7963125,all
SWE,all,2019-02-04,Health,625.0,383.9344,all
SWE,all,2019-02-04,Life,2469.0,1610.232888,all
SWE,all,2019-02-04,Pc,45671.0,391.4537672,all
SWE,all,2019-02-11,Health,408.0,398.6740196,all
SWE,all,2019-02-11,Life,1453.0,2798.559532,all
SWE,all,2019-02-11,Pc,27373.0,352.6124648,all
SWE,all,2019-02-18,Health,440.0,345.7795455,all
SWE,all,2019-02-18,Life,1552.0,2749.262887,all
SWE,all,2019-02-18,Pc,25374.0,351.1381335,all
SWE,all,2019-02-25,Health,309.0,320.4563107,all
SWE,all,2019-02-25,Life,2017.0,4086.461081,all
SWE,all,2019-02-25,Pc,22226.0,384.5138127,all
SWE,all,2019-03-04,Health,333.0,420.7357357,all
SWE,all,2019-03-04,Life,2265.0,1887.603532,all
SWE,all,2019-03-04,Pc,43929.0,393.4778848,all
SWE,all,2019-03-11,Health,317.0,430.7476341,all
SWE,all,2019-03-11,Life,1864.0,3019.209764,all
SWE,all,2019-03-11,Pc,25375.0,368.2454384,all
SWE,all,2019-03-18,Health,323.0,389.5325077,all
SWE,all,2019-03-18,Life,1446.0,5099.981328,all
SWE,all,2019-03-18,Pc,22988.0,387.1895772,all
SWE,all,2019-03-25,Health,256.0,379.1992188,all
SWE,all,2019-03-25,Life,1172.0,4764.237201,all
SWE,all,2019-03-25,Pc,17554.0,350.1274353,all
SWE,all,2019-04-01,Health,239.0,363.6150628,all
SWE,all,2019-04-01,Life,1541.0,4853.445814,all
SWE,all,2019-04-01,Pc,21637.0,310.6561446,all
SWE,all,2019-04-08,Health,206.0,538.9126214,all
SWE,all,2019-04-08,Life,1829.0,3454.32094,all
SWE,all,2019-04-08,Pc,41663.0,457.647433,all
SWE,all,2019-04-15,Health,142.0,412.2112676,all
SWE,all,2019-04-15,Life,1437.0,7178.487822,all
SWE,all,2019-04-15,Pc,21938.0,368.6954599,all
SWE,all,2019-04-22,Health,60.0,307.55,all
SWE,all,2019-04-22,Life,938.0,9479.832623,all
SWE,all,2019-04-22,Pc,13980.0,309.6411302,all
SWE,all,2019-04-29,Health,90.0,368.9111111,all
SWE,all,2019-04-29,Life,1544.0,7541.221503,all
SWE,all,2019-04-29,Pc,13503.0,350.5358809,all
SWE,all,2019-05-06,Health,53.0,755.7735849,all
SWE,all,2019-05-06,Life,2211.0,6433.67526,all
SWE,all,2019-05-06,Pc,31527.0,431.2847718,all
SWE,all,2019-05-13,Health,55.0,378.7090909,all
SWE,all,2019-05-13,Life,1036.0,6676.218147,all
SWE,all,2019-05-13,Pc,19177.0,359.3152214,all
SWE,all,2019-05-20,Health,86.0,442.872093,all
SWE,all,2019-05-20,Life,1280.0,5442.396094,all
SWE,all,2019-05-20,Pc,18852.0,340.163484,all
SWE,all,2019-05-27,Health,81.0,414.6790123,all
SWE,all,2019-05-27,Life,1325.0,7177.981887,all
SWE,all,2019-05-27,Pc,17321.0,532.5850124,all
SWE,all,2019-06-03,Health,65.0,510.0615385,all
SWE,all,2019-06-03,Life,1453.0,9104.355127,all
SWE,all,2019-06-03,Pc,19619.0,300.0095825,all
SWE,all,2019-06-10,Health,100.0,572.75,all
SWE,all,2019-06-10,Life,2075.0,3110.555181,all
SWE,all,2019-06-10,Pc,37832.0,402.6905794,all
SWE,all,2019-06-17,Health,66.0,594.0151515,all
SWE,all,2019-06-17,Life,1195.0,5673.114644,all
SWE,all,2019-06-17,Pc,23305.0,322.4521776,all
SWE,all,2019-06-24,Health,64.0,403.421875,all
SWE,all,2019-06-24,Life,1259.0,5020.969817,all
SWE,all,2019-06-24,Pc,24272.0,384.7261866,all
SWE,all,2019-07-01,Health,38.0,511.2631579,all
SWE,all,2019-07-01,Life,1248.0,6669.085737,all
SWE,all,2019-07-01,Pc,19616.0,317.9915885,all
SWE,all,2019-07-08,Health,25.0,1335.36,all
SWE,all,2019-07-08,Life,1857.0,4679.598277,all
SWE,all,2019-07-08,Pc,41508.0,463.3345138,all
SWE,all,2019-07-15,Health,27.0,723.1481481,all
SWE,all,2019-07-15,Life,1081.0,8171.158187,all
SWE,all,2019-07-15,Pc,20723.0,371.1135936,all
SWE,all,2019-07-22,Health,27.0,268.4074074,all
SWE,all,2019-07-22,Life,1011.0,6368.660732,all
SWE,all,2019-07-22,Pc,16468.0,397.1308598,all
SWE,all,2019-07-29,Health,22.0,631.4545455,all
SWE,all,2019-07-29,Life,1472.0,7246.331522,all
SWE,all,2019-07-29,Pc,14681.0,405.7183434,all
SWE,all,2019-08-05,Health,5.0,4655.2,all
SWE,all,2019-08-05,Life,1595.0,4794.356113,all
SWE,all,2019-08-05,Pc,28416.0,448.5100999,all
SWE,all,2019-08-12,Health,29.0,710.8965517,all
SWE,all,2019-08-12,Life,661.0,8326.455371,all
SWE,all,2019-08-12,Pc,15121.0,385.5452682,all
SWE,all,2019-08-19,Health,25.0,677.52,all
SWE,all,2019-08-19,Life,500.0,3165.466,all
SWE,all,2019-08-19,Pc,8871.0,356.5188817,all
SWE,all,2019-08-26,Health,12.0,529.4166667,all
SWE,all,2019-08-26,Life,539.0,5015.06679,all
SWE,all,2019-08-26,Pc,9651.0,338.9256036,all
SWE,all,2019-09-02,Health,12.0,394.5,all
SWE,all,2019-09-02,Life,569.0,8035.261863,all
SWE,all,2019-09-02,Pc,11280.0,430.764539,all
SWE,all,2019-09-09,Health,6196.0,1316.941622,all
SWE,all,2019-09-09,Life,1112.0,2203.118705,all
SWE,all,2019-09-09,Pc,22503.0,549.3756388,all
SWE,all,2019-09-16,Health,30.0,527.2,all
SWE,all,2019-09-16,Life,769.0,3404.122237,all
SWE,all,2019-09-16,Pc,14493.0,355.351342,all
SWE,all,2019-09-23,Health,28.0,459.1785714,all
SWE,all,2019-09-23,Life,832.0,4407.102163,all
SWE,all,2019-09-23,Pc,14281.0,424.0866886,all
SWE,all,2019-09-30,Health,38.0,548.0789474,all
SWE,all,2019-09-30,Life,1031.0,2437.696411,all
SWE,all,2019-09-30,Pc,12918.0,431.5457501,all
SWE,all,2019-10-07,Health,7872.0,4464.358685,all
SWE,all,2019-10-07,Life,2826.0,8497.171621,all
SWE,all,2019-10-07,Pc,28285.0,524.7789995,all
SWE,all,2019-10-14,Health,22.0,1053.590909,all
SWE,all,2019-10-14,Life,1103.0,8120.001813,all
SWE,all,2019-10-14,Pc,13268.0,500.894483,all
SWE,all,2019-10-21,Health,47.0,513.5531915,all
SWE,all,2019-10-21,Life,1310.0,7199.947328,all
SWE,all,2019-10-21,Pc,15502.0,470.2700942,all
SWE,all,2019-10-28,Health,16.0,580.4375,all
SWE,all,2019-10-28,Life,1334.0,7370.624438,all
SWE,all,2019-10-28,Pc,13722.0,337.6965457,all
SWE,all,2019-11-04,Health,17.0,951.6470588,all
SWE,all,2019-11-04,Life,1090.0,9910.834862,all
SWE,all,2019-11-04,Pc,11082.0,347.9238405,all
SWE,all,2019-11-11,Health,6589.5,2652.103313,all
SWE,all,2019-11-11,Life,2097.0,4956.282785,all
SWE,all,2019-11-11,Pc,28605.0,527.3137913,all
SWE,all,2019-11-18,Health,51.0,497.9215686,all
SWE,all,2019-11-18,Life,1284.0,7703.071651,all
SWE,all,2019-11-18,Pc,10563.0,610.686074,all
SWE,all,2019-11-25,Health,23.0,536.6956522,all
SWE,all,2019-11-25,Life,2586.0,6359.082367,all
SWE,all,2019-11-25,Pc,12874.0,424.2523691,all
SWE,all,2019-12-02,Health,21.0,670.5714286,all
SWE,all,2019-12-02,Life,1860.0,13949.66129,all
SWE,all,2019-12-02,Pc,9020.0,598.6032151,all
SWE,all,2019-12-09,Health,5613.5,2395.299342,all
SWE,all,2019-12-09,Life,2207.0,4191.995469,all
SWE,all,2019-12-09,Pc,26989.0,649.5737152,all
SWE,all,2019-12-16,Health,29.0,698.4827586,all
SWE,all,2019-12-16,Life,1879.0,7231.8595,all
SWE,all,2019-12-16,Pc,14297.0,412.0744912,all
SWE,all,2019-12-23,Health,29.0,556.4482759,all
SWE,all,2019-12-23,Life,2818.0,7408.439319,all
SWE,all,2019-12-23,Pc,17399.0,495.1211564,all
SWE,all,2019-12-30,Health,17.0,872.1176471,all
SWE,all,2019-12-30,Life,2785.0,7228.997487,all
SWE,all,2019-12-30,Pc,13650.0,421.8223443,all
SWE,all,2020-01-06,Health,110.0,371.0909091,all
SWE,all,2020-01-06,Life,3265.0,3589.523737,all
SWE,all,2020-01-06,Pc,15322.5,458.2697188,all
SWE,all,2020-01-13,Health,51.0,584.8039216,all
SWE,all,2020-01-13,Life,880.0,3716.468182,all
SWE,all,2020-01-13,Pc,16995.0,494.7170933,all
SWE,all,2020-01-20,Health,39.0,730.1025641,all
SWE,all,2020-01-20,Life,1237.0,3694.598222,all
SWE,all,2020-01-20,Pc,19339.0,475.0536222,all
SWE,all,2020-01-27,Health,37.0,979.9189189,all
SWE,all,2020-01-27,Life,1149.0,5064.284595,all
SWE,all,2020-01-27,Pc,16740.0,514.9497611,all
SWE,all,2020-02-03,Health,34.0,494.1764706,all
SWE,all,2020-02-03,Life,1747.0,7243.266171,all
SWE,all,2020-02-03,Pc,16092.0,399.3382426,all
SWE,all,2020-02-10,Health,63.0,579.047619,all
SWE,all,2020-02-10,Life,1894.0,4049.729673,all
SWE,all,2020-02-10,Pc,35998.0,457.468776,all
SWE,all,2020-02-17,Health,35.0,557.3714286,all
SWE,all,2020-02-17,Life,1396.0,6196.902579,all
SWE,all,2020-02-17,Pc,17254.0,423.2599977,all
SWE,all,2020-02-24,Health,36.0,532.0,all
SWE,all,2020-02-24,Life,1327.0,6753.55991,all
SWE,all,2020-02-24,Pc,16218.0,444.3504748,all
SWE,all,2020-03-02,Health,34.0,590.1764706,all
SWE,all,2020-03-02,Life,1185.0,8886.2,all
SWE,all,2020-03-02,Pc,15757.0,344.3901123,all
SWE,all,2020-03-09,Health,55.0,937.6363636,all
SWE,all,2020-03-09,Life,2783.0,5028.177147,all
SWE,all,2020-03-09,Pc,38797.0,552.737789,all
SWE,all,2020-03-16,Health,46.0,642.2173913,all
SWE,all,2020-03-16,Life,1390.0,3936.611511,all
SWE,all,2020-03-16,Pc,16883.0,655.7926909,all
SWE,all,2020-03-23,Health,34.0,605.2352941,all
SWE,all,2020-03-23,Life,695.0,3496.317986,all
SWE,all,2020-03-23,Pc,6622.0,432.1146179,all
SWE,all,2020-03-30,Health,14.0,616.2857143,all
SWE,all,2020-03-30,Life,482.0,518.1368796,all
SWE,all,2020-03-30,Pc,4266.0,419.988045,all
SWE,all,2020-04-06,Health,28.0,1133.607143,all
SWE,all,2020-04-06,Life,1625.0,1767.925538,all
SWE,all,2020-04-06,Pc,20556.0,534.1086301,all
SWE,all,2020-04-13,Health,15.0,787.2666667,all
SWE,all,2020-04-13,Life,463.0,7012.468683,all
SWE,all,2020-04-13,Pc,4434.0,812.8836265,all
SWE,all,2020-04-20,Health,11.0,774.0909091,all
SWE,all,2020-04-20,Life,579.0,4626.103627,all
SWE,all,2020-04-20,Pc,7739.0,333.3484946,all
SWE,all,2020-04-27,Health,9.0,699.6666667,all
SWE,all,2020-04-27,Life,595.0,10445.52941,all
SWE,all,2020-04-27,Pc,8197.0,427.4659022,all
SWE,all,2020-05-04,Health,12.0,628.3333333,all
SWE,all,2020-05-04,Life,537.0,9484.934823,all
SWE,all,2020-05-04,Pc,4713.0,252.4116274,all
SWE,all,2020-05-11,Health,30.0,878.5333333,all
SWE,all,2020-05-11,Life,1641.0,2088.966484,all
SWE,all,2020-05-11,Pc,30559.0,466.8475735,all
SWE,all,2020-05-18,Health,17.0,340.5882353,all
SWE,all,2020-05-18,Life,843.0,3646.03796,all
SWE,all,2020-05-18,Pc,14031.0,485.678854,all
SWE,all,2020-05-25,Health,17.0,654.4705882,all
SWE,all,2020-05-25,Life,826.0,9182.2046,all
SWE,all,2020-05-25,Pc,15009.0,339.0829502,all
SWE,all,2020-06-01,Health,14.0,675.2857143,all
SWE,all,2020-06-01,Life,791.0,6718.82933,all
SWE,all,2020-06-01,Pc,15115.0,339.5743301,all
SWE,all,2020-06-08,Health,28.0,1077.0,all
SWE,all,2020-06-08,Life,2210.0,3124.068326,all
SWE,all,2020-06-08,Pc,43593.0,389.3693942,all
SWE,all,2020-06-15,Health,27.0,506.1851852,all
SWE,all,2020-06-15,Life,1241.0,6003.044319,all
SWE,all,2020-06-15,Pc,23455.0,395.4193562,all
SWE,all,2020-06-22,Health,25.0,418.52,all
SWE,all,2020-06-22,Life,1232.0,4654.395292,all
SWE,all,2020-06-22,Pc,21401.0,268.2783048,all
SWE,all,2020-06-29,Health,18.0,618.3888889,all
SWE,all,2020-06-29,Life,1045.0,10866.87368,all
SWE,all,2020-06-29,Pc,20376.0,281.9464566,all
SWE,all,2020-07-06,Health,41.0,641.4878049,all
SWE,all,2020-07-06,Life,2525.0,2978.47604,all
SWE,all,2020-07-06,Pc,50535.0,441.413456,all
SWE,all,2020-07-13,Health,38.0,794.8421053,all
SWE,all,2020-07-13,Life,1066.0,2657.624765,all
SWE,all,2020-07-13,Pc,25738.0,365.9938612,all
SWE,all,2020-07-20,Health,32.0,759.34375,all
SWE,all,2020-07-20,Life,1049.0,2407.891325,all
SWE,all,2020-07-20,Pc,20907.0,329.9603004,all
SWE,all,2020-07-27,Health,23.0,296.826087,all
SWE,all,2020-07-27,Life,929.0,4348.152853,all
SWE,all,2020-07-27,Pc,19672.0,370.3476515,all
SWE,all,2020-08-03,Health,19.0,424.3684211,all
SWE,all,2020-08-03,Life,1276.0,6858.190439,all
SWE,all,2020-08-03,Pc,16417.0,325.6280076,all
SWE,all,2020-08-10,Health,39.0,812.4102564,all
SWE,all,2020-08-10,Life,1835.0,1781.06376,all
SWE,all,2020-08-10,Pc,37543.0,424.3383587,all
SWE,all,2020-08-17,Health,13.0,356.3076923,all
SWE,all,2020-08-17,Life,728.0,3033.868132,all
SWE,all,2020-08-17,Pc,15034.0,385.1438074,all
SWE,all,2020-08-24,Health,23.0,580.9565217,all
SWE,all,2020-08-24,Life,591.0,1455.407783,all
SWE,all,2020-08-24,Pc,12397.0,374.9070743,all
SWE,all,2020-08-31,Health,10.0,843.3,all
SWE,all,2020-08-31,Life,647.0,2412.367852,all
SWE,all,2020-08-31,Pc,12057.0,430.3020652,all
SWE,all,2020-09-07,Health,39.0,824.974359,all
SWE,all,2020-09-07,Life,1468.0,1486.21049,all
SWE,all,2020-09-07,Pc,29853.0,428.4514789,all
SWE,all,2020-09-14,Health,26.0,553.7692308,all
SWE,all,2020-09-14,Life,752.0,3161.121011,all
SWE,all,2020-09-14,Pc,15718.0,371.0862705,all
SWE,all,2020-09-21,Health,46.0,541.9347826,all
SWE,all,2020-09-21,Life,1045.0,2482.954067,all
SWE,all,2020-09-21,Pc,15990.0,437.7759225,all
SWE,all,2020-09-28,Health,26.0,527.8461538,all
SWE,all,2020-09-28,Life,1118.0,3997.236136,all
SWE,all,2020-09-28,Pc,14933.0,332.3306101,all
SWE,all,2020-10-05,Health,51.0,579.4901961,all
SWE,all,2020-10-05,Life,1741.0,2165.897186,all
SWE,all,2020-10-05,Pc,30943.0,471.0502214,all
SWE,all,2020-10-12,Health,45.0,565.1777778,all
SWE,all,2020-10-12,Life,1022.0,3105.417808,all
SWE,all,2020-10-12,Pc,19290.0,408.8445308,all
SWE,all,2020-10-19,Health,35.0,889.8,all
SWE,all,2020-10-19,Life,1383.0,2719.815618,all
SWE,all,2020-10-19,Pc,13807.0,395.0388933,all
SWE,all,2020-10-26,Health,29.0,635.8275862,all
SWE,all,2020-10-26,Life,1034.0,3752.498066,all
SWE,all,2020-10-26,Pc,15067.0,340.4493263,all
SWE,all,2020-11-02,Health,30.0,732.0333333,all
SWE,all,2020-11-02,Life,984.0,2944.421748,all
SWE,all,2020-11-02,Pc,14252.0,328.3105529,all
UKR,all,2018-01-08,Health,1168.0,120.9885845,all
UKR,all,2018-01-08,Life,5956.0,663.6037609,all
UKR,all,2018-01-08,Pc,120849.3333,182.1020427,all
UKR,all,2018-01-15,Health,1100.0,130.5272727,all
UKR,all,2018-01-15,Life,5436.0,1747.006623,all
UKR,all,2018-01-15,Pc,109224.0,159.3660734,all
UKR,all,2018-01-22,Health,1436.0,95.24883937,all
UKR,all,2018-01-22,Life,5724.0,767.8949453,all
UKR,all,2018-01-22,Pc,101868.0,139.194644,all
UKR,all,2018-01-29,Health,1644.0,102.2392539,all
UKR,all,2018-01-29,Life,5924.0,1336.290569,all
UKR,all,2018-01-29,Pc,88108.0,115.1764047,all
UKR,all,2018-02-05,Health,2132.0,120.5559725,all
UKR,all,2018-02-05,Life,9528.0,806.6008956,all
UKR,all,2018-02-05,Pc,203524.0,116.0231259,all
UKR,all,2018-02-12,Health,1872.0,109.7578348,all
UKR,all,2018-02-12,Life,8564.0,1951.889615,all
UKR,all,2018-02-12,Pc,110084.0,114.5755968,all
UKR,all,2018-02-19,Health,1620.0,106.7316872,all
UKR,all,2018-02-19,Life,6416.0,876.7219451,all
UKR,all,2018-02-19,Pc,97064.0,113.567392,all
UKR,all,2018-02-26,Health,1640.0,100.498374,all
UKR,all,2018-02-26,Life,6524.0,689.4226446,all
UKR,all,2018-02-26,Pc,95260.0,107.3557282,all
UKR,all,2018-03-05,Health,1616.0,158.3745875,all
UKR,all,2018-03-05,Life,11548.0,1042.858561,all
UKR,all,2018-03-05,Pc,207892.0,111.7751846,all
UKR,all,2018-03-12,Health,1316.0,117.2998987,all
UKR,all,2018-03-12,Life,6716.0,1310.977367,all
UKR,all,2018-03-12,Pc,114708.0,114.8366868,all
UKR,all,2018-03-19,Health,1356.0,102.2556539,all
UKR,all,2018-03-19,Life,7068.0,1152.355216,all
UKR,all,2018-03-19,Pc,105080.0,115.1735059,all
UKR,all,2018-03-26,Health,1168.0,98.52283105,all
UKR,all,2018-03-26,Life,8200.0,1238.51252,all
UKR,all,2018-03-26,Pc,99840.0,113.378352,all
UKR,all,2018-04-02,Health,592.0,121.3986486,all
UKR,all,2018-04-02,Life,5200.0,2462.271795,all
UKR,all,2018-04-02,Pc,70432.0,119.9256399,all
UKR,all,2018-04-09,Health,972.0,190.0589849,all
UKR,all,2018-04-09,Life,9568.0,875.0430602,all
UKR,all,2018-04-09,Pc,190092.0,124.4731463,all
UKR,all,2018-04-16,Health,1088.0,119.4669118,all
UKR,all,2018-04-16,Life,5624.0,3178.441679,all
UKR,all,2018-04-16,Pc,109584.0,114.754514,all
UKR,all,2018-04-23,Health,1480.0,100.5720721,all
UKR,all,2018-04-23,Life,6320.0,1445.736076,all
UKR,all,2018-04-23,Pc,84384.0,110.4304291,all
UKR,all,2018-04-30,Health,1356.0,94.15929204,all
UKR,all,2018-04-30,Life,6776.0,1696.181425,all
UKR,all,2018-04-30,Pc,94084.0,140.3336309,all
UKR,all,2018-05-07,Health,1148.0,181.6666667,all
UKR,all,2018-05-07,Life,8384.0,918.4123728,all
UKR,all,2018-05-07,Pc,169372.0,124.6388935,all
UKR,all,2018-05-14,Health,1236.0,115.7411003,all
UKR,all,2018-05-14,Life,5528.0,2877.830439,all
UKR,all,2018-05-14,Pc,92708.0,107.9309517,all
UKR,all,2018-05-21,Health,1804.0,107.4087214,all
UKR,all,2018-05-21,Life,6004.0,2167.967355,all
UKR,all,2018-05-21,Pc,93332.0,129.1543022,all
UKR,all,2018-05-28,Health,1544.0,99.24352332,all
UKR,all,2018-05-28,Life,5292.0,3007.053918,all
UKR,all,2018-05-28,Pc,91160.0,108.6109405,all
UKR,all,2018-06-04,Health,1780.0,148.5011236,all
UKR,all,2018-06-04,Life,10704.0,1461.421026,all
UKR,all,2018-06-04,Pc,198976.0,130.2763549,all
UKR,all,2018-06-11,Health,1264.0,137.4135021,all
UKR,all,2018-06-11,Life,5656.0,3044.179161,all
UKR,all,2018-06-11,Pc,94280.0,110.3657757,all
UKR,all,2018-06-18,Health,1336.0,103.4161677,all
UKR,all,2018-06-18,Life,6052.0,1870.530734,all
UKR,all,2018-06-18,Pc,101488.0,116.0773819,all
UKR,all,2018-06-25,Health,1440.0,111.5175926,all
UKR,all,2018-06-25,Life,8360.0,2550.740032,all
UKR,all,2018-06-25,Pc,99364.0,106.3087906,all
UKR,all,2018-07-02,Health,4836.0,19.77860491,all
UKR,all,2018-07-02,Life,10016.0,3552.992146,all
UKR,all,2018-07-02,Pc,97752.0,116.9875331,all
UKR,all,2018-07-09,Health,680.0,201.6058824,all
UKR,all,2018-07-09,Life,7496.0,1888.980434,all
UKR,all,2018-07-09,Pc,208372.0,149.8095393,all
UKR,all,2018-07-16,Health,848.0,120.1084906,all
UKR,all,2018-07-16,Life,5104.0,2365.117032,all
UKR,all,2018-07-16,Pc,109040.0,111.0335168,all
UKR,all,2018-07-23,Health,852.0,115.5743349,all
UKR,all,2018-07-23,Life,4428.0,2475.237278,all
UKR,all,2018-07-23,Pc,93048.0,107.9008684,all
UKR,all,2018-07-30,Health,820.0,112.0585366,all
UKR,all,2018-07-30,Life,5484.0,2730.797471,all
UKR,all,2018-07-30,Pc,82736.0,125.306227,all
UKR,all,2018-08-06,Health,868.0,181.250384,all
UKR,all,2018-08-06,Life,6832.0,2412.299375,all
UKR,all,2018-08-06,Pc,173808.0,125.5625134,all
UKR,all,2018-08-13,Health,140.0,115.2095238,all
UKR,all,2018-08-13,Life,2380.0,2481.731653,all
UKR,all,2018-08-13,Pc,68160.0,120.5880086,all
UKR,all,2018-08-20,Health,244.0,139.7540984,all
UKR,all,2018-08-20,Life,2028.0,1470.47666,all
UKR,all,2018-08-20,Pc,52996.0,108.4889426,all
UKR,all,2018-08-27,Health,272.0,108.5490196,all
UKR,all,2018-08-27,Life,1884.0,1658.278839,all
UKR,all,2018-08-27,Pc,54400.0,107.0335049,all
UKR,all,2018-09-03,Health,272.0,213.0441176,all
UKR,all,2018-09-03,Life,2764.0,1736.60878,all
UKR,all,2018-09-03,Pc,61700.0,124.7158725,all
UKR,all,2018-09-10,Health,508.0,181.3648294,all
UKR,all,2018-09-10,Life,4332.0,1024.834411,all
UKR,all,2018-09-10,Pc,141152.0,136.2340645,all
UKR,all,2018-09-17,Health,808.0,110.80033,all
UKR,all,2018-09-17,Life,3116.0,2137.404365,all
UKR,all,2018-09-17,Pc,83432.0,125.924026,all
UKR,all,2018-09-24,Health,896.0,101.3779762,all
UKR,all,2018-09-24,Life,4080.0,1513.568627,all
UKR,all,2018-09-24,Pc,79180.0,123.6989812,all
UKR,all,2018-10-01,Health,752.0,123.1719858,all
UKR,all,2018-10-01,Life,4488.0,1304.780452,all
UKR,all,2018-10-01,Pc,75928.0,111.2157658,all
UKR,all,2018-10-08,Health,41536.0,768.348831,all
UKR,all,2018-10-08,Life,7144.0,1425.481896,all
UKR,all,2018-10-08,Pc,166580.0,132.0481771,all
UKR,all,2018-10-15,Health,596.0,126.6689038,all
UKR,all,2018-10-15,Life,4672.0,1754.689498,all
UKR,all,2018-10-15,Pc,83472.0,140.6572903,all
UKR,all,2018-10-22,Health,784.0,115.7482993,all
UKR,all,2018-10-22,Life,7196.0,1528.060775,all
UKR,all,2018-10-22,Pc,88264.0,127.1036285,all
UKR,all,2018-10-29,Health,788.0,118.4856176,all
UKR,all,2018-10-29,Life,6580.0,2302.440324,all
UKR,all,2018-10-29,Pc,78896.0,120.1009261,all
UKR,all,2018-11-05,Health,760.0,158.2666667,all
UKR,all,2018-11-05,Life,8832.0,1764.841636,all
UKR,all,2018-11-05,Pc,155120.0,160.4146983,all
UKR,all,2018-11-12,Health,516.0,167.9767442,all
UKR,all,2018-11-12,Life,5072.0,1296.649317,all
UKR,all,2018-11-12,Pc,91228.0,92.73196826,all
UKR,all,2018-11-19,Health,812.0,114.9605911,all
UKR,all,2018-11-19,Life,7576.0,1893.969025,all
UKR,all,2018-11-19,Pc,86576.0,117.8620865,all
UKR,all,2018-11-26,Health,728.0,123.0879121,all
UKR,all,2018-11-26,Life,6228.0,1890.158424,all
UKR,all,2018-11-26,Pc,65556.0,147.1149552,all
UKR,all,2018-12-03,Health,616.0,119.4242424,all
UKR,all,2018-12-03,Life,8552.0,1526.311773,all
UKR,all,2018-12-03,Pc,69136.0,67.7056237,all
UKR,all,2018-12-10,Health,408.0,353.127451,all
UKR,all,2018-12-10,Life,10876.0,1162.465122,all
UKR,all,2018-12-10,Pc,165848.0,159.8732896,all
UKR,all,2018-12-17,Health,776.0,118.3298969,all
UKR,all,2018-12-17,Life,9688.0,1288.548032,all
UKR,all,2018-12-17,Pc,96744.0,147.7097632,all
UKR,all,2018-12-24,Health,396.0,141.4814815,all
UKR,all,2018-12-24,Life,13092.0,1421.653733,all
UKR,all,2018-12-24,Pc,92232.0,132.369821,all
UKR,all,2018-12-31,Health,264.0,122.2424242,all
UKR,all,2018-12-31,Life,15044.0,1489.536116,all
UKR,all,2018-12-31,Pc,70544.0,203.3607772,all
UKR,all,2019-01-07,Health,756.0,248.0405644,all
UKR,all,2019-01-07,Life,10104.0,1123.929269,all
UKR,all,2019-01-07,Pc,85392.0,162.2494628,all
UKR,all,2019-01-14,Health,716.0,144.4841713,all
UKR,all,2019-01-14,Life,3600.0,1125.773333,all
UKR,all,2019-01-14,Pc,100240.0,121.1381484,all
UKR,all,2019-01-21,Health,1432.0,122.1368715,all
UKR,all,2019-01-21,Life,4320.0,806.1061728,all
UKR,all,2019-01-21,Pc,101608.0,135.9210692,all
UKR,all,2019-01-28,Health,1952.0,114.5321038,all
UKR,all,2019-01-28,Life,3996.0,2556.88355,all
UKR,all,2019-01-28,Pc,86996.0,126.9321042,all
UKR,all,2019-02-04,Health,2500.0,127.9781333,all
UKR,all,2019-02-04,Life,9876.0,536.7442959,all
UKR,all,2019-02-04,Pc,182684.0,130.4845891,all
UKR,all,2019-02-11,Health,1632.0,132.8913399,all
UKR,all,2019-02-11,Life,5812.0,932.8531773,all
UKR,all,2019-02-11,Pc,109492.0,117.5374883,all
UKR,all,2019-02-18,Health,1760.0,115.2598485,all
UKR,all,2019-02-18,Life,6208.0,916.4209622,all
UKR,all,2019-02-18,Pc,101496.0,117.0460445,all
UKR,all,2019-02-25,Health,1236.0,106.8187702,all
UKR,all,2019-02-25,Life,8068.0,1362.153694,all
UKR,all,2019-02-25,Pc,88904.0,128.1712709,all
UKR,all,2019-03-04,Health,1332.0,140.2452452,all
UKR,all,2019-03-04,Life,9060.0,629.2011773,all
UKR,all,2019-03-04,Pc,175716.0,131.1592949,all
UKR,all,2019-03-11,Health,1268.0,143.5825447,all
UKR,all,2019-03-11,Life,7456.0,1006.403255,all
UKR,all,2019-03-11,Pc,101500.0,122.7484795,all
UKR,all,2019-03-18,Health,1292.0,129.8441692,all
UKR,all,2019-03-18,Life,5784.0,1699.993776,all
UKR,all,2019-03-18,Pc,91952.0,129.0631924,all
UKR,all,2019-03-25,Health,1024.0,126.3997396,all
UKR,all,2019-03-25,Life,4688.0,1588.079067,all
UKR,all,2019-03-25,Pc,70216.0,116.7091451,all
UKR,all,2019-04-01,Health,956.0,121.2050209,all
UKR,all,2019-04-01,Life,6164.0,1617.815271,all
UKR,all,2019-04-01,Pc,86548.0,103.5520482,all
UKR,all,2019-04-08,Health,824.0,179.6375405,all
UKR,all,2019-04-08,Life,7316.0,1151.440313,all
UKR,all,2019-04-08,Pc,166652.0,152.5491443,all
UKR,all,2019-04-15,Health,568.0,137.4037559,all
UKR,all,2019-04-15,Life,5748.0,2392.829274,all
UKR,all,2019-04-15,Pc,87752.0,122.8984866,all
UKR,all,2019-04-22,Health,240.0,102.5166667,all
UKR,all,2019-04-22,Life,3752.0,3159.944208,all
UKR,all,2019-04-22,Pc,55920.0,103.2137101,all
UKR,all,2019-04-29,Health,360.0,122.9703704,all
UKR,all,2019-04-29,Life,6176.0,2513.740501,all
UKR,all,2019-04-29,Pc,54012.0,116.8452936,all
UKR,all,2019-05-06,Health,212.0,251.9245283,all
UKR,all,2019-05-06,Life,8844.0,2144.55842,all
UKR,all,2019-05-06,Pc,126108.0,143.7615906,all
UKR,all,2019-05-13,Health,220.0,126.2363636,all
UKR,all,2019-05-13,Life,4144.0,2225.406049,all
UKR,all,2019-05-13,Pc,76708.0,119.7717405,all
UKR,all,2019-05-20,Health,344.0,147.624031,all
UKR,all,2019-05-20,Life,5120.0,1814.132031,all
UKR,all,2019-05-20,Pc,75408.0,113.387828,all
UKR,all,2019-05-27,Health,324.0,138.2263374,all
UKR,all,2019-05-27,Life,5300.0,2392.660629,all
UKR,all,2019-05-27,Pc,69284.0,177.5283375,all
UKR,all,2019-06-03,Health,260.0,170.0205128,all
UKR,all,2019-06-03,Life,5812.0,3034.785042,all
UKR,all,2019-06-03,Pc,78476.0,100.0031942,all
UKR,all,2019-06-10,Health,400.0,190.9166667,all
UKR,all,2019-06-10,Life,8300.0,1036.851727,all
UKR,all,2019-06-10,Pc,151328.0,134.2301931,all
UKR,all,2019-06-17,Health,264.0,198.0050505,all
UKR,all,2019-06-17,Life,4780.0,1891.038215,all
UKR,all,2019-06-17,Pc,93220.0,107.4840592,all
UKR,all,2019-06-24,Health,256.0,134.4739583,all
UKR,all,2019-06-24,Life,5036.0,1673.656606,all
UKR,all,2019-06-24,Pc,97088.0,128.2420622,all
UKR,all,2019-07-01,Health,152.0,170.4210526,all
UKR,all,2019-07-01,Life,4992.0,2223.028579,all
UKR,all,2019-07-01,Pc,78464.0,105.9971962,all
UKR,all,2019-07-08,Health,100.0,445.12,all
UKR,all,2019-07-08,Life,7428.0,1559.866092,all
UKR,all,2019-07-08,Pc,166032.0,154.4448379,all
UKR,all,2019-07-15,Health,108.0,241.0493827,all
UKR,all,2019-07-15,Life,4324.0,2723.719396,all
UKR,all,2019-07-15,Pc,82892.0,123.7045312,all
UKR,all,2019-07-22,Health,108.0,89.4691358,all
UKR,all,2019-07-22,Life,4044.0,2122.886911,all
UKR,all,2019-07-22,Pc,65872.0,132.3769533,all
UKR,all,2019-07-29,Health,88.0,210.4848485,all
UKR,all,2019-07-29,Life,5888.0,2415.443841,all
UKR,all,2019-07-29,Pc,58724.0,135.2394478,all
UKR,all,2019-08-05,Health,20.0,1551.733333,all
UKR,all,2019-08-05,Life,6380.0,1598.118704,all
UKR,all,2019-08-05,Pc,113664.0,149.5033666,all
UKR,all,2019-08-12,Health,116.0,236.9655172,all
UKR,all,2019-08-12,Life,2644.0,2775.485124,all
UKR,all,2019-08-12,Pc,60484.0,128.5150894,all
UKR,all,2019-08-19,Health,100.0,225.84,all
UKR,all,2019-08-19,Life,2000.0,1055.155333,all
UKR,all,2019-08-19,Pc,35484.0,118.8396272,all
UKR,all,2019-08-26,Health,48.0,176.4722222,all
UKR,all,2019-08-26,Life,2156.0,1671.68893,all
UKR,all,2019-08-26,Pc,38604.0,112.9752012,all
UKR,all,2019-09-02,Health,48.0,131.5,all
UKR,all,2019-09-02,Life,2276.0,2678.420621,all
UKR,all,2019-09-02,Pc,45120.0,143.5881797,all
UKR,all,2019-09-09,Health,24784.0,438.9805407,all
UKR,all,2019-09-09,Life,4448.0,734.3729017,all
UKR,all,2019-09-09,Pc,90012.0,183.1252129,all
UKR,all,2019-09-16,Health,120.0,175.7333333,all
UKR,all,2019-09-16,Life,3076.0,1134.707412,all
UKR,all,2019-09-16,Pc,57972.0,118.4504473,all
UKR,all,2019-09-23,Health,112.0,153.0595238,all
UKR,all,2019-09-23,Life,3328.0,1469.034054,all
UKR,all,2019-09-23,Pc,57124.0,141.3622295,all
UKR,all,2019-09-30,Health,152.0,182.6929825,all
UKR,all,2019-09-30,Life,4124.0,812.5654704,all
UKR,all,2019-09-30,Pc,51672.0,143.8485834,all
UKR,all,2019-10-07,Health,31488.0,1488.119562,all
UKR,all,2019-10-07,Life,11304.0,2832.39054,all
UKR,all,2019-10-07,Pc,113140.0,174.9263332,all
UKR,all,2019-10-14,Health,88.0,351.1969697,all
UKR,all,2019-10-14,Life,4412.0,2706.667271,all
UKR,all,2019-10-14,Pc,53072.0,166.9648277,all
UKR,all,2019-10-21,Health,188.0,171.1843972,all
UKR,all,2019-10-21,Life,5240.0,2399.982443,all
UKR,all,2019-10-21,Pc,62008.0,156.7566981,all
UKR,all,2019-10-28,Health,64.0,193.4791667,all
UKR,all,2019-10-28,Life,5336.0,2456.874813,all
UKR,all,2019-10-28,Pc,54888.0,112.5655152,all
UKR,all,2019-11-04,Health,68.0,317.2156863,all
UKR,all,2019-11-04,Life,4360.0,3303.611621,all
UKR,all,2019-11-04,Pc,44328.0,115.9746135,all
UKR,all,2019-11-11,Health,26358.0,884.0344376,all
UKR,all,2019-11-11,Life,8388.0,1652.094262,all
UKR,all,2019-11-11,Pc,114420.0,175.7712638,all
UKR,all,2019-11-18,Health,204.0,165.9738562,all
UKR,all,2019-11-18,Life,5136.0,2567.69055,all
UKR,all,2019-11-18,Pc,42252.0,203.5620247,all
UKR,all,2019-11-25,Health,92.0,178.8985507,all
UKR,all,2019-11-25,Life,10344.0,2119.694122,all
UKR,all,2019-11-25,Pc,51496.0,141.4174564,all
UKR,all,2019-12-02,Health,84.0,223.5238095,all
UKR,all,2019-12-02,Life,7440.0,4649.887097,all
UKR,all,2019-12-02,Pc,36080.0,199.534405,all
UKR,all,2019-12-09,Health,22454.0,798.433114,all
UKR,all,2019-12-09,Life,8828.0,1397.331823,all
UKR,all,2019-12-09,Pc,107956.0,216.5245717,all
UKR,all,2019-12-16,Health,116.0,232.8275862,all
UKR,all,2019-12-16,Life,7516.0,2410.619833,all
UKR,all,2019-12-16,Pc,57188.0,137.3581637,all
UKR,all,2019-12-23,Health,116.0,185.4827586,all
UKR,all,2019-12-23,Life,11272.0,2469.479773,all
UKR,all,2019-12-23,Pc,69596.0,165.0403855,all
UKR,all,2019-12-30,Health,68.0,290.7058824,all
UKR,all,2019-12-30,Life,11140.0,2409.665829,all
UKR,all,2019-12-30,Pc,54600.0,140.6074481,all
UKR,all,2020-01-06,Health,440.0,123.6969697,all
UKR,all,2020-01-06,Life,13060.0,1196.507912,all
UKR,all,2020-01-06,Pc,61290.0,152.7565729,all
UKR,all,2020-01-13,Health,204.0,194.9346405,all
UKR,all,2020-01-13,Life,3520.0,1238.822727,all
UKR,all,2020-01-13,Pc,67980.0,164.9056978,all
UKR,all,2020-01-20,Health,156.0,243.3675214,all
UKR,all,2020-01-20,Life,4948.0,1231.532741,all
UKR,all,2020-01-20,Pc,77356.0,158.3512074,all
UKR,all,2020-01-27,Health,148.0,326.6396396,all
UKR,all,2020-01-27,Life,4596.0,1688.094865,all
UKR,all,2020-01-27,Pc,66960.0,171.6499204,all
UKR,all,2020-02-03,Health,136.0,164.7254902,all
UKR,all,2020-02-03,Life,6988.0,2414.422057,all
UKR,all,2020-02-03,Pc,64368.0,133.1127475,all
UKR,all,2020-02-10,Health,252.0,193.015873,all
UKR,all,2020-02-10,Life,7576.0,1349.909891,all
UKR,all,2020-02-10,Pc,143992.0,152.489592,all
UKR,all,2020-02-17,Health,140.0,185.7904762,all
UKR,all,2020-02-17,Life,5584.0,2065.634193,all
UKR,all,2020-02-17,Pc,69016.0,141.0866659,all
UKR,all,2020-02-24,Health,144.0,177.3333333,all
UKR,all,2020-02-24,Life,5308.0,2251.186637,all
UKR,all,2020-02-24,Pc,64872.0,148.1168249,all
UKR,all,2020-03-02,Health,136.0,196.7254902,all
UKR,all,2020-03-02,Life,4740.0,2962.066667,all
UKR,all,2020-03-02,Pc,63028.0,114.7967041,all
UKR,all,2020-03-09,Health,220.0,312.5454545,all
UKR,all,2020-03-09,Life,11132.0,1676.059049,all
UKR,all,2020-03-09,Pc,155188.0,184.2459297,all
UKR,all,2020-03-16,Health,184.0,214.0724638,all
UKR,all,2020-03-16,Life,5560.0,1312.203837,all
UKR,all,2020-03-16,Pc,67532.0,218.5975636,all
UKR,all,2020-03-23,Health,136.0,201.745098,all
UKR,all,2020-03-23,Life,2780.0,1165.439329,all
UKR,all,2020-03-23,Pc,26488.0,144.038206,all
UKR,all,2020-03-30,Health,56.0,205.4285714,all
UKR,all,2020-03-30,Life,1928.0,172.7122932,all
UKR,all,2020-03-30,Pc,17064.0,139.996015,all
UKR,all,2020-04-06,Health,112.0,377.8690476,all
UKR,all,2020-04-06,Life,6500.0,589.3085128,all
UKR,all,2020-04-06,Pc,82224.0,178.03621,all
UKR,all,2020-04-13,Health,60.0,262.4222222,all
UKR,all,2020-04-13,Life,1852.0,2337.489561,all
UKR,all,2020-04-13,Pc,17736.0,270.9612088,all
UKR,all,2020-04-20,Health,44.0,258.030303,all
UKR,all,2020-04-20,Life,2316.0,1542.034542,all
UKR,all,2020-04-20,Pc,30956.0,111.1161649,all
UKR,all,2020-04-27,Health,36.0,233.2222222,all
UKR,all,2020-04-27,Life,2380.0,3481.843137,all
UKR,all,2020-04-27,Pc,32788.0,142.4886341,all
UKR,all,2020-05-04,Health,48.0,209.4444444,all
UKR,all,2020-05-04,Life,2148.0,3161.644941,all
UKR,all,2020-05-04,Pc,18852.0,84.13720914,all
UKR,all,2020-05-11,Health,120.0,292.8444444,all
UKR,all,2020-05-11,Life,6564.0,696.3221613,all
UKR,all,2020-05-11,Pc,122236.0,155.6158578,all
UKR,all,2020-05-18,Health,68.0,113.5294118,all
UKR,all,2020-05-18,Life,3372.0,1215.345987,all
UKR,all,2020-05-18,Pc,56124.0,161.8929513,all
UKR,all,2020-05-25,Health,68.0,218.1568627,all
UKR,all,2020-05-25,Life,3304.0,3060.734867,all
UKR,all,2020-05-25,Pc,60036.0,113.0276501,all
UKR,all,2020-06-01,Health,56.0,225.0952381,all
UKR,all,2020-06-01,Life,3164.0,2239.609777,all
UKR,all,2020-06-01,Pc,60460.0,113.1914434,all
UKR,all,2020-06-08,Health,112.0,359.0,all
UKR,all,2020-06-08,Life,8840.0,1041.356109,all
UKR,all,2020-06-08,Pc,174372.0,129.7897981,all
UKR,all,2020-06-15,Health,108.0,168.7283951,all
UKR,all,2020-06-15,Life,4964.0,2001.014773,all
UKR,all,2020-06-15,Pc,93820.0,131.8064521,all
UKR,all,2020-06-22,Health,100.0,139.5066667,all
UKR,all,2020-06-22,Life,4928.0,1551.465097,all
UKR,all,2020-06-22,Pc,85604.0,89.42610158,all
UKR,all,2020-06-29,Health,72.0,206.1296296,all
UKR,all,2020-06-29,Life,4180.0,3622.291228,all
UKR,all,2020-06-29,Pc,81504.0,93.98215221,all
UKR,all,2020-07-06,Health,164.0,213.8292683,all
UKR,all,2020-07-06,Life,10100.0,992.8253465,all
UKR,all,2020-07-06,Pc,202140.0,147.1378187,all
UKR,all,2020-07-13,Health,152.0,264.9473684,all
UKR,all,2020-07-13,Life,4264.0,885.8749218,all
UKR,all,2020-07-13,Pc,102952.0,121.9979537,all
UKR,all,2020-07-20,Health,128.0,253.1145833,all
UKR,all,2020-07-20,Life,4196.0,802.6304417,all
UKR,all,2020-07-20,Pc,83628.0,109.9867668,all
UKR,all,2020-07-27,Health,92.0,98.94202899,all
UKR,all,2020-07-27,Life,3716.0,1449.384284,all
UKR,all,2020-07-27,Pc,78688.0,123.4492172,all
UKR,all,2020-08-03,Health,76.0,141.4561404,all
UKR,all,2020-08-03,Life,5104.0,2286.06348,all
UKR,all,2020-08-03,Pc,65668.0,108.5426692,all
UKR,all,2020-08-10,Health,156.0,270.8034188,all
UKR,all,2020-08-10,Life,7340.0,593.6879201,all
UKR,all,2020-08-10,Pc,150172.0,141.4461196,all
UKR,all,2020-08-17,Health,52.0,118.7692308,all
UKR,all,2020-08-17,Life,2912.0,1011.289377,all
UKR,all,2020-08-17,Pc,60136.0,128.3812691,all
UKR,all,2020-08-24,Health,92.0,193.6521739,all
UKR,all,2020-08-24,Life,2364.0,485.1359278,all
UKR,all,2020-08-24,Pc,49588.0,124.9690248,all
UKR,all,2020-08-31,Health,40.0,281.1,all
UKR,all,2020-08-31,Life,2588.0,804.1226172,all
UKR,all,2020-08-31,Pc,48228.0,143.4340217,all
UKR,all,2020-09-07,Health,156.0,274.991453,all
UKR,all,2020-09-07,Life,5872.0,495.4034968,all
UKR,all,2020-09-07,Pc,119412.0,142.8171596,all
UKR,all,2020-09-14,Health,104.0,184.5897436,all
UKR,all,2020-09-14,Life,3008.0,1053.707004,all
UKR,all,2020-09-14,Pc,62872.0,123.6954235,all
UKR,all,2020-09-21,Health,184.0,180.6449275,all
UKR,all,2020-09-21,Life,4180.0,827.6513557,all
UKR,all,2020-09-21,Pc,63960.0,145.9253075,all
UKR,all,2020-09-28,Health,104.0,175.9487179,all
UKR,all,2020-09-28,Life,4472.0,1332.412045,all
UKR,all,2020-09-28,Pc,59732.0,110.77687,all
UKR,all,2020-10-05,Health,204.0,193.1633987,all
UKR,all,2020-10-05,Life,6964.0,721.9657285,all
UKR,all,2020-10-05,Pc,123772.0,157.0167405,all
UKR,all,2020-10-12,Health,180.0,188.3925926,all
UKR,all,2020-10-12,Life,4088.0,1035.139269,all
UKR,all,2020-10-12,Pc,77160.0,136.2815103,all
UKR,all,2020-10-19,Health,140.0,296.6,all
UKR,all,2020-10-19,Life,5532.0,906.6052061,all
UKR,all,2020-10-19,Pc,55228.0,131.6796311,all
UKR,all,2020-10-26,Health,116.0,211.9425287,all
UKR,all,2020-10-26,Life,4136.0,1250.832689,all
UKR,all,2020-10-26,Pc,60268.0,113.4831088,all
UKR,all,2020-11-02,Health,120.0,244.0111111,all
UKR,all,2020-11-02,Life,3936.0,981.473916,all
UKR,all,2020-11-02,Pc,57008.0,109.436851,all
